account_id,business_name,segment,public_source_url,source_retrieved_at,zone,distance_km,rooms_or_units_estimate,fit_score,fit_reason,stage,owner,next_action,next_action_at,do_not_contact
P001-NHA-TRANG-LIVING,Nha Trang Living,CONDOTEL_APARTMENT,https://www.trip.com/hotels/nha-trang-hotel-detail-11179039/nha-trang-living/,2026-08-18,FREE_DELIVERY_LE_2KM,0.7,5,45/45,Condotel apartment · ~5 phòng/căn · cách tiệm ~0.7km · giao nhận miễn phí,PROSPECT_TIER_A,,"Ghé tận nơi, xin gặp người phụ trách",,
P002-NHA-TRANG-4-RENT,Nha Trang 4 Rent,CONDOTEL_APARTMENT,https://nhatrang4rent.com/loc-tho-area/,2026-08-18,FREE_DELIVERY_LE_2KM,0.7,,45/45,Condotel apartment · cách tiệm ~0.7km · giao nhận miễn phí,PROSPECT_TIER_A,,"Ghé tận nơi, xin gặp người phụ trách",,
P003-APARTMENT-NGUYEN-THIEN-THUAT,Apartment Nguyen Thien Thuat,CONDOTEL_APARTMENT,https://www.trip.com/hotels/nha-trang-hotel-detail-22905867/apartment-nguyen-thien-thuat/,2026-08-18,FREE_DELIVERY_LE_2KM,0.8,,45/45,Condotel apartment · cách tiệm ~0.8km · giao nhận miễn phí,PROSPECT_TIER_A,,"Ghé tận nơi, xin gặp người phụ trách",,
P004-BEAU-RIVAGE-NHA-TRANG,Beau Rivage Nha Trang,CONDOTEL_APARTMENT,"https://photon.komoot.io/api/?q=Beau+Rivage+Nha+Trang,+Tran+Phu",2026-08-18,FREE_DELIVERY_LE_2KM,0.9,,45/45,Condotel apartment · cách tiệm ~0.9km · giao nhận miễn phí,PROSPECT_TIER_A,,"Ghé tận nơi, xin gặp người phụ trách",,
P005-THE-COSTA-NHA-TRANG-RESIDENCES,The Costa Nha Trang Residences,CONDOTEL_APARTMENT,https://nhatranghousing.com/en/the-ultimate-guide-to-apartment-rentals-in-nha-trang-top-residences-and-local-insights-nd164.html,2026-08-18,FREE_DELIVERY_LE_2KM,0.9,,45/45,Condotel apartment · cách tiệm ~0.9km · giao nhận miễn phí,PROSPECT_TIER_A,,"Ghé tận nơi, xin gặp người phụ trách",,
P006-GIA-KHANG-HOME,Gia Khang Home,CONDOTEL_APARTMENT,https://giakhanghome.com/cho-thue-can-ho-dich-vu-nha-dan-nha-trang/,2026-08-18,FREE_DELIVERY_LE_2KM,1.0,,45/45,Condotel apartment · cách tiệm ~1.0km · giao nhận miễn phí,PROSPECT_TIER_A,,"Ghé tận nơi, xin gặp người phụ trách",,
P007-THE-ASCOTT-LIMITED-CITADINES-BAYFR,The Ascott Limited (Citadines Bayfront Nha Trang),CONDOTEL_APARTMENT,https://www.discoverasr.com/en/citadines/vietnam/citadines-bayfront-nha-trang/apartment,2026-08-18,FREE_DELIVERY_LE_2KM,1.0,,45/45,Condotel apartment · cách tiệm ~1.0km · giao nhận miễn phí,PROSPECT_TIER_A,,"Ghé tận nơi, xin gặp người phụ trách",,
P008-S-LUX-APARTMENT-VIRGO,S Lux Apartment Virgo,CONDOTEL_APARTMENT,https://www.booking.com/aparthotels/city/vn/nha-trang.html,2026-08-18,FREE_DELIVERY_LE_2KM,1.1,,45/45,Condotel apartment · cách tiệm ~1.1km · giao nhận miễn phí,PROSPECT_TIER_A,,"Ghé tận nơi, xin gặp người phụ trách",,
P009-VIRGO-NHA-TRANG,Virgo Nha Trang,CONDOTEL_APARTMENT,https://nhatranghousing.com/en/top-apartment-buildings-to-rent-in-nha-trang-your-ultimate-guide-to-coastal-living-nd163.html,2026-08-18,FREE_DELIVERY_LE_2KM,1.1,,45/45,Condotel apartment · cách tiệm ~1.1km · giao nhận miễn phí,PROSPECT_TIER_A,,"Ghé tận nơi, xin gặp người phụ trách",,
P010-GOLD-COAST-NHA-TRANG,Gold Coast Nha Trang,CONDOTEL_APARTMENT,https://nhatranghousing.com/en/the-ultimate-guide-to-apartment-rentals-in-nha-trang-top-residences-and-local-insights-nd164.html,2026-08-18,FREE_DELIVERY_LE_2KM,1.2,,45/45,Condotel apartment · cách tiệm ~1.2km · giao nhận miễn phí,PROSPECT_TIER_A,,"Ghé tận nơi, xin gặp người phụ trách",,
P011-HOAN-CAU-KHANH-HOA-CO-LTD-HOAN-CAU,Hoan Cau Khanh Hoa Co Ltd (Hoan Cau Group),CONDOTEL_APARTMENT,https://www.nhatrangcenter.com/ban-va-cho-thue-can-ho-117-50-2-luxury.html,2026-08-18,FREE_DELIVERY_LE_2KM,1.2,,45/45,Condotel apartment · cách tiệm ~1.2km · giao nhận miễn phí,PROSPECT_TIER_A,,"Ghé tận nơi, xin gặp người phụ trách",,
P012-NHA-TRANG-CENTER,Nha Trang Center,CONDOTEL_APARTMENT,https://www.nhatrangcenter.com/ban-va-cho-thue-can-ho-117-50-2-luxury.html,2026-08-18,FREE_DELIVERY_LE_2KM,1.2,56,45/45,Condotel apartment · ~56 phòng/căn · cách tiệm ~1.2km · giao nhận miễn phí,PROSPECT_TIER_A,,"Ghé tận nơi, xin gặp người phụ trách",,
P013-DOLPHIN-HOTEL-NHA-TRANG,Dolphin Hotel Nha Trang,CONDOTEL_APARTMENT,"https://www.booking.com/aparthotels/city/vn/nha-trang.html,https://www.trip.com/hotels/nha-trang-hotel-detail-131631548/dolphin-hotel-nha-trang/",2026-08-18,FREE_DELIVERY_LE_2KM,1.3,31,45/45,Condotel apartment · ~31 phòng/căn · cách tiệm ~1.3km · giao nhận miễn phí,PROSPECT_TIER_A,,"Ghé tận nơi, xin gặp người phụ trách",,
P014-HUD-BUILDING-NHA-TRANG,HUD Building Nha Trang,CONDOTEL_APARTMENT,https://nhatranghousing.com/en/top-apartment-buildings-to-rent-in-nha-trang-your-ultimate-guide-to-coastal-living-nd163.html,2026-08-18,FREE_DELIVERY_LE_2KM,1.3,,45/45,Condotel apartment · cách tiệm ~1.3km · giao nhận miễn phí,PROSPECT_TIER_A,,"Ghé tận nơi, xin gặp người phụ trách",,
P015-MARINA-SUITES-NHA-TRANG,Marina Suites Nha Trang,CONDOTEL_APARTMENT,https://nhatranghousing.com/en/the-ultimate-guide-to-apartment-rentals-in-nha-trang-top-residences-and-local-insights-nd164.html,2026-08-18,FREE_DELIVERY_LE_2KM,1.4,,45/45,Condotel apartment · cách tiệm ~1.4km · giao nhận miễn phí,PROSPECT_TIER_A,,"Ghé tận nơi, xin gặp người phụ trách",,
P016-ZOOM-APARTMENT,Zoom Apartment,CONDOTEL_APARTMENT,https://nhatrangapartments.com/vi/pr/panorama-nha-trang/for-rent,2026-08-18,FREE_DELIVERY_LE_2KM,1.9,,45/45,Condotel apartment · cách tiệm ~1.9km · giao nhận miễn phí,PROSPECT_TIER_A,,"Ghé tận nơi, xin gặp người phụ trách",,
P017-OCEAN-WIN-PANORAMA-NHA-TRANG,Ocean Win Panorama Nha Trang,CONDOTEL_APARTMENT,https://www.booking.com/aparthotels/city/vn/nha-trang.html,2026-08-18,FREE_DELIVERY_LE_2KM,1.9,,45/45,Condotel apartment · cách tiệm ~1.9km · giao nhận miễn phí,PROSPECT_TIER_A,,"Ghé tận nơi, xin gặp người phụ trách",,
P018-PANORAMA-BEACH-WIN-NHA-TRANG,Panorama Beach Win Nha Trang,CONDOTEL_APARTMENT,https://www.booking.com/aparthotels/city/vn/nha-trang.html,2026-08-18,FREE_DELIVERY_LE_2KM,1.9,,45/45,Condotel apartment · cách tiệm ~1.9km · giao nhận miễn phí,PROSPECT_TIER_A,,"Ghé tận nơi, xin gặp người phụ trách",,
P019-PANORAMA-NHA-TRANG,Panorama Nha Trang,CONDOTEL_APARTMENT,https://nhatranghousing.com/en/the-ultimate-guide-to-apartment-rentals-in-nha-trang-top-residences-and-local-insights-nd164.html,2026-08-18,FREE_DELIVERY_LE_2KM,1.9,,45/45,Condotel apartment · cách tiệm ~1.9km · giao nhận miễn phí,PROSPECT_TIER_A,,"Ghé tận nơi, xin gặp người phụ trách",,
P020-NHA-NGHI-MUA-HE-MUA-HE-GUESTHOUSE,Nhà Nghỉ Mùa Hè (Mua He Guesthouse),GUESTHOUSE_NHA_NGHI,https://www.agoda.com/vi-vn/mua-he-guesthouse/hotel/nha-trang-vn.html,2026-08-18,FREE_DELIVERY_LE_2KM,0.8,,44/45,Guesthouse nha nghi · cách tiệm ~0.8km · giao nhận miễn phí,PROSPECT_TIER_A,,"Ghé tận nơi, xin gặp người phụ trách",,
P021-VIET-SKY-HOTEL-NHA-TRANG,Viet Sky Hotel Nha Trang,HOTEL,https://vn.trip.com/hotels/nha-trang-hotel-detail-2487934/viet-sky-hotel-nha-trang/,2026-08-18,FREE_DELIVERY_LE_2KM,0.1,48,42/45,Hotel · ~48 phòng/căn · cách tiệm ~0.1km · giao nhận miễn phí,PROSPECT_TIER_A,,"Ghé tận nơi, xin gặp người phụ trách",,
P022-ALOHA-HOTEL-NHA-TRANG,Aloha Hotel Nha Trang,HOTEL,https://www.trip.com/hotels/nha-trang-hotel-detail-30011756/aloha-hotel-nha-trang/,2026-08-18,FREE_DELIVERY_LE_2KM,0.1,80,42/45,Hotel · ~80 phòng/căn · cách tiệm ~0.1km · giao nhận miễn phí,PROSPECT_TIER_A,,"Ghé tận nơi, xin gặp người phụ trách",,
P023-IVY-HOTEL-NHA-TRANG,Ivy Hotel Nha Trang,HOTEL,https://www.hostelworld.com/hotels/p/306082/ivy-hotel-nha-trang/,2026-08-18,FREE_DELIVERY_LE_2KM,0.1,,42/45,Hotel · cách tiệm ~0.1km · giao nhận miễn phí,PROSPECT_TIER_A,,"Ghé tận nơi, xin gặp người phụ trách",,
P024-BN-CENTER-HOTEL-NHA-TRANG,BN Center Hotel Nha Trang,HOTEL,https://www.hostelworld.com/hotels/p/324406/bn-center-hotel-nha-trang/,2026-08-18,FREE_DELIVERY_LE_2KM,0.7,,42/45,Hotel · cách tiệm ~0.7km · giao nhận miễn phí,PROSPECT_TIER_A,,"Ghé tận nơi, xin gặp người phụ trách",,
P025-HAPPY-LIGHT-CENTRAL-NHA-TRANG,Happy Light Central Nha Trang,HOTEL,https://www.hostelworld.com/hotels/p/327408/happy-light-central-nha-trang/,2026-08-18,FREE_DELIVERY_LE_2KM,0.7,,42/45,Hotel · cách tiệm ~0.7km · giao nhận miễn phí,PROSPECT_TIER_A,,"Ghé tận nơi, xin gặp người phụ trách",,
P026-ALE-NHA-TRANG-HOTEL,Ale Nha Trang Hotel,HOTEL,https://us.trip.com/hotels/nha-trang-hotel-detail-10201344/ale-nha-trang-hotel/,2026-08-18,FREE_DELIVERY_LE_2KM,0.8,65,42/45,Hotel · ~65 phòng/căn · cách tiệm ~0.8km · giao nhận miễn phí,PROSPECT_TIER_A,,"Ghé tận nơi, xin gặp người phụ trách",,
P027-BARCELONA-NHA-TRANG,Barcelona Nha Trang,HOTEL,https://daivietourist.vn/khach-san-duong-nguyen-thien-thuat-nha-trang/,2026-08-18,FREE_DELIVERY_LE_2KM,0.8,,42/45,Hotel · cách tiệm ~0.8km · giao nhận miễn phí,PROSPECT_TIER_A,,"Ghé tận nơi, xin gặp người phụ trách",,
P028-BERLIN-HAUS-NHA-TRANG-HOTEL,Berlin Haus Nha Trang Hotel,HOTEL,https://daivietourist.vn/khach-san-duong-nguyen-thien-thuat-nha-trang/,2026-08-18,FREE_DELIVERY_LE_2KM,0.8,,42/45,Hotel · cách tiệm ~0.8km · giao nhận miễn phí,PROSPECT_TIER_A,,"Ghé tận nơi, xin gặp người phụ trách",,
P029-C30-GLORY-NHA-TRANG,C30 Glory Nha Trang,HOTEL,https://daivietourist.vn/khach-san-duong-nguyen-thien-thuat-nha-trang/,2026-08-18,FREE_DELIVERY_LE_2KM,0.8,,42/45,Hotel · cách tiệm ~0.8km · giao nhận miễn phí,PROSPECT_TIER_A,,"Ghé tận nơi, xin gặp người phụ trách",,
P030-CHAM-RETREAT-HOTEL-NHA-TRANG,Cham Retreat Hotel Nha Trang,HOTEL,https://daivietourist.vn/khach-san-duong-nguyen-thien-thuat-nha-trang/,2026-08-18,FREE_DELIVERY_LE_2KM,0.8,,42/45,Hotel · cách tiệm ~0.8km · giao nhận miễn phí,PROSPECT_TIER_A,,"Ghé tận nơi, xin gặp người phụ trách",,
P031-DECEMBER-HOTEL-NHA-TRANG,December Hotel Nha Trang,HOTEL,https://daivietourist.vn/khach-san-duong-nguyen-thien-thuat-nha-trang/,2026-08-18,FREE_DELIVERY_LE_2KM,0.8,,42/45,Hotel · cách tiệm ~0.8km · giao nhận miễn phí,PROSPECT_TIER_A,,"Ghé tận nơi, xin gặp người phụ trách",,
P032-EDELE-HOTEL-NHA-TRANG,Edele Hotel Nha Trang,HOTEL,https://daivietourist.vn/khach-san-duong-nguyen-thien-thuat-nha-trang/,2026-08-18,FREE_DELIVERY_LE_2KM,0.8,,42/45,Hotel · cách tiệm ~0.8km · giao nhận miễn phí,PROSPECT_TIER_A,,"Ghé tận nơi, xin gặp người phụ trách",,
P033-GALLILOT-HOTEL-NHA-TRANG,Gallilot Hotel Nha Trang,HOTEL,https://daivietourist.vn/khach-san-duong-nguyen-thien-thuat-nha-trang/,2026-08-18,FREE_DELIVERY_LE_2KM,0.8,,42/45,Hotel · cách tiệm ~0.8km · giao nhận miễn phí,PROSPECT_TIER_A,,"Ghé tận nơi, xin gặp người phụ trách",,
P034-GOLDEN-BEACH-NHA-TRANG,Golden Beach Nha Trang,HOTEL,https://daivietourist.vn/khach-san-duong-nguyen-thien-thuat-nha-trang/,2026-08-18,FREE_DELIVERY_LE_2KM,0.8,,42/45,Hotel · cách tiệm ~0.8km · giao nhận miễn phí,PROSPECT_TIER_A,,"Ghé tận nơi, xin gặp người phụ trách",,
P035-HA-THANH-HOTEL,Ha Thanh Hotel,HOTEL,https://www.kayak.com/Nha-Trang-Hotels-Ha-Thanh-Hotel.2013647.ksp,2026-08-18,FREE_DELIVERY_LE_2KM,0.8,,42/45,Hotel · cách tiệm ~0.8km · giao nhận miễn phí,PROSPECT_TIER_A,,"Ghé tận nơi, xin gặp người phụ trách",,
P036-HOMEY-NHA-TRANG-HOTEL,Homey Nha Trang Hotel,HOTEL,https://us.trip.com/hotels/nha-trang-hotel-detail-77361235/homey-hotel-nha-trang/,2026-08-18,FREE_DELIVERY_LE_2KM,0.8,25,42/45,Hotel · ~25 phòng/căn · cách tiệm ~0.8km · giao nhận miễn phí,PROSPECT_TIER_A,,"Ghé tận nơi, xin gặp người phụ trách",,
P037-KHACH-SAN-LOVE-NHA-TRANG,Khách sạn Love Nha Trang,HOTEL,https://vn.trip.com/hotels/nha-trang-hotel-detail-6078710/love-hotel/,2026-08-18,FREE_DELIVERY_LE_2KM,0.8,49,42/45,Hotel · ~49 phòng/căn · cách tiệm ~0.8km · giao nhận miễn phí,PROSPECT_TIER_A,,"Ghé tận nơi, xin gặp người phụ trách",,
P038-MAPLE-LEAF-HOTEL-APARTMENT,Maple Leaf Hotel & Apartment,HOTEL,https://us.trip.com/hotels/nha-trang-hotel-detail-4971405/maple-leaf-hotel-and-apartment/,2026-08-18,FREE_DELIVERY_LE_2KM,0.8,63,42/45,Hotel · ~63 phòng/căn · cách tiệm ~0.8km · giao nhận miễn phí,PROSPECT_TIER_A,,"Ghé tận nơi, xin gặp người phụ trách",,
P039-MOONLIGHT-NHA-TRANG-HOTEL,Moonlight Nha Trang Hotel,HOTEL,https://daivietourist.vn/khach-san-duong-nguyen-thien-thuat-nha-trang/,2026-08-18,FREE_DELIVERY_LE_2KM,0.8,,42/45,Hotel · cách tiệm ~0.8km · giao nhận miễn phí,PROSPECT_TIER_A,,"Ghé tận nơi, xin gặp người phụ trách",,
P040-NAVY-HOTEL-NHA-TRANG,Navy Hotel Nha Trang,HOTEL,https://sg.trip.com/hotels/nha-trang-hotel-detail-109456335/navy-hotel-nha-trang/,2026-08-18,FREE_DELIVERY_LE_2KM,0.8,30,42/45,Hotel · ~30 phòng/căn · cách tiệm ~0.8km · giao nhận miễn phí,PROSPECT_TIER_A,,"Ghé tận nơi, xin gặp người phụ trách",,
P041-NHATRANG-COZY-HOTEL,Nhatrang Cozy Hotel,HOTEL,https://pk.trip.com/hotels/nha-trang-hotel-detail-2649296/nhatrang-cozy-hotel/,2026-08-18,FREE_DELIVERY_LE_2KM,0.8,19,42/45,Hotel · ~19 phòng/căn · cách tiệm ~0.8km · giao nhận miễn phí,PROSPECT_TIER_A,,"Ghé tận nơi, xin gặp người phụ trách",,
P042-ROSAKA-NHA-TRANG-HOTEL,Rosaka Nha Trang Hotel,HOTEL,https://daivietourist.vn/khach-san-duong-nguyen-thien-thuat-nha-trang/,2026-08-18,FREE_DELIVERY_LE_2KM,0.8,,42/45,Hotel · cách tiệm ~0.8km · giao nhận miễn phí,PROSPECT_TIER_A,,"Ghé tận nơi, xin gặp người phụ trách",,
P043-SATA-HOTEL-NHA-TRANG,Sata Hotel Nha Trang,HOTEL,https://daivietourist.vn/khach-san-duong-nguyen-thien-thuat-nha-trang/,2026-08-18,FREE_DELIVERY_LE_2KM,0.8,,42/45,Hotel · cách tiệm ~0.8km · giao nhận miễn phí,PROSPECT_TIER_A,,"Ghé tận nơi, xin gặp người phụ trách",,
P044-THANG-LONG-NHA-TRANG-HOTEL,Thang Long Nha Trang Hotel,HOTEL,https://vn.trip.com/hotels/nha-trang-hotel-detail-61928527/thang-long-nha-trang-hotel/,2026-08-18,FREE_DELIVERY_LE_2KM,0.8,,42/45,Hotel · cách tiệm ~0.8km · giao nhận miễn phí,PROSPECT_TIER_A,,"Ghé tận nơi, xin gặp người phụ trách",,
P045-HAI-VAN-HOTEL,Hai Van Hotel,HOTEL,https://ph.trip.com/hotels/nha-trang-hotel-detail-22905904/hai-van-hotel/,2026-08-18,FREE_DELIVERY_LE_2KM,0.8,,42/45,Hotel · cách tiệm ~0.8km · giao nhận miễn phí,PROSPECT_TIER_A,,"Ghé tận nơi, xin gặp người phụ trách",,
P046-NHA-TRANG-INN,Nha Trang Inn,HOTEL,https://www.hotelscombined.com/Hotel/Nha_Trang_Inn.htm,2026-08-18,FREE_DELIVERY_LE_2KM,0.8,,42/45,Hotel · cách tiệm ~0.8km · giao nhận miễn phí,PROSPECT_TIER_A,,"Ghé tận nơi, xin gặp người phụ trách",,
P047-ROYAL-HPM-HOTEL,Royal HPM Hotel,HOTEL,https://daivietourist.vn/khach-san-duong-nguyen-thien-thuat-nha-trang/,2026-08-18,FREE_DELIVERY_LE_2KM,0.8,,42/45,Hotel · cách tiệm ~0.8km · giao nhận miễn phí,PROSPECT_TIER_A,,"Ghé tận nơi, xin gặp người phụ trách",,
P048-STAR-LIGHT-HOTEL,Star Light Hotel,HOTEL,https://daivietourist.vn/khach-san-duong-nguyen-thien-thuat-nha-trang/,2026-08-18,FREE_DELIVERY_LE_2KM,0.8,,42/45,Hotel · cách tiệm ~0.8km · giao nhận miễn phí,PROSPECT_TIER_A,,"Ghé tận nơi, xin gặp người phụ trách",,
P049-NEW-SUN-HOTEL,New Sun Hotel,HOTEL,https://us.trip.com/hotels/nha-trang-hotel-detail-4972043/new-sun-hotel-nha-trang/,2026-08-18,FREE_DELIVERY_LE_2KM,0.8,43,42/45,Hotel · ~43 phòng/căn · cách tiệm ~0.8km · giao nhận miễn phí,PROSPECT_TIER_A,,"Ghé tận nơi, xin gặp người phụ trách",,
P050-REDDOORZ-NEAR-HUNG-VUONG-NHA-TRANG,RedDoorz Near Hung Vuong Nha Trang (Ngoc Thach Hotel),HOTEL,https://uk.trip.com/hotels/nha-trang-hotel-detail-707245/ngoc-thach-hotel/,2026-08-18,FREE_DELIVERY_LE_2KM,0.8,20,42/45,Hotel · ~20 phòng/căn · cách tiệm ~0.8km · giao nhận miễn phí,PROSPECT_TIER_A,,"Ghé tận nơi, xin gặp người phụ trách",,
P051-TRUONG-HAI-HOTEL,Truong Hai Hotel,HOTEL,https://vn.trip.com/hotels/nha-trang-hotel-detail-38239220/truong-hai-hotel/,2026-08-18,FREE_DELIVERY_LE_2KM,0.8,12,42/45,Hotel · ~12 phòng/căn · cách tiệm ~0.8km · giao nhận miễn phí,PROSPECT_TIER_A,,"Ghé tận nơi, xin gặp người phụ trách",,
P052-AN-NAM-HOTEL-NHA-TRANG,An Nam hotel Nha Trang,HOTEL,https://vn.trip.com/hotels/nha-trang-hotel-detail-47563067/an-nam-hotel-nha-trang/,2026-08-18,FREE_DELIVERY_LE_2KM,0.8,,42/45,Hotel · cách tiệm ~0.8km · giao nhận miễn phí,PROSPECT_TIER_A,,"Ghé tận nơi, xin gặp người phụ trách",,
P053-GRAND-TOURANE-NHA-TRANG-HOTEL,Grand Tourane Nha Trang Hotel,HOTEL,https://us.trip.com/hotels/nha-trang-hotels-list-1777/,2026-08-18,FREE_DELIVERY_LE_2KM,0.8,,42/45,Hotel · cách tiệm ~0.8km · giao nhận miễn phí,PROSPECT_TIER_A,,"Ghé tận nơi, xin gặp người phụ trách",,
P054-GREEN-HOTEL-NHA-TRANG,Green Hotel Nha Trang,HOTEL,https://www.hostelworld.com/hotels/p/338625/green-hotel-nha-trang/,2026-08-18,FREE_DELIVERY_LE_2KM,0.8,,42/45,Hotel · cách tiệm ~0.8km · giao nhận miễn phí,PROSPECT_TIER_A,,"Ghé tận nơi, xin gặp người phụ trách",,
P055-AMBER-HOTEL-MANAGED-BY-HT,Amber Hotel Managed by HT,HOTEL,https://www.trip.com/hotels/nha-trang-hotel-detail-50740935/amber-nha-trang-hotel/,2026-08-18,FREE_DELIVERY_LE_2KM,0.9,44,42/45,Hotel · ~44 phòng/căn · cách tiệm ~0.9km · giao nhận miễn phí,PROSPECT_TIER_A,,"Ghé tận nơi, xin gặp người phụ trách",,
P056-KHACH-SAN-SOUVENIR-NHA-TRANG,Khách sạn Souvenir Nha Trang,HOTEL,https://vn.trip.com/hotels/nha-trang-hotel-detail-707274/souvenir-nha-trang-hotel/,2026-08-18,FREE_DELIVERY_LE_2KM,0.9,16,42/45,Hotel · ~16 phòng/căn · cách tiệm ~0.9km · giao nhận miễn phí,PROSPECT_TIER_A,,"Ghé tận nơi, xin gặp người phụ trách",,
P057-THE-LIGHT-2-HOTEL,The Light 2 Hotel,HOTEL,https://in.trip.com/hotels/nha-trang-hotel-detail-713556/the-light-2-hotel/,2026-08-18,FREE_DELIVERY_LE_2KM,0.9,50,42/45,Hotel · ~50 phòng/căn · cách tiệm ~0.9km · giao nhận miễn phí,PROSPECT_TIER_A,,"Ghé tận nơi, xin gặp người phụ trách",,
P058-RUBY-HOTEL-NHA-TRANG-BIET-THU-STRE,Ruby Hotel Nha Trang - Biet Thu Street,HOTEL,https://www.trip.com/hotels/nha-trang-hotel-detail-57634670/ruby-hotel-nha-trang-biet-thu-street/,2026-08-18,FREE_DELIVERY_LE_2KM,0.9,,42/45,Hotel · cách tiệm ~0.9km · giao nhận miễn phí,PROSPECT_TIER_A,,"Ghé tận nơi, xin gặp người phụ trách",,
P059-BINH-AN-HOTEL-NHA-TRANG,Binh An Hotel Nha Trang,HOTEL,https://www.trip.com/hotels/nha-trang-hotel-detail-132132337/binh-an-hotel-nha-trang/,2026-08-18,FREE_DELIVERY_LE_2KM,1.1,12,42/45,Hotel · ~12 phòng/căn · cách tiệm ~1.1km · giao nhận miễn phí,PROSPECT_TIER_A,,"Ghé tận nơi, xin gặp người phụ trách",,
P060-BONG-SEN-HOTEL-NHA-TRANG,Bong Sen Hotel Nha Trang,HOTEL,https://us.trip.com/hotels/nha-trang-hotel-detail-8989101/bong-sen-hotel-nha-trang/,2026-08-18,FREE_DELIVERY_LE_2KM,1.1,,42/45,Hotel · cách tiệm ~1.1km · giao nhận miễn phí,PROSPECT_TIER_A,,"Ghé tận nơi, xin gặp người phụ trách",,
P061-HA-NHUNG-HOTEL-NHA-TRANG,Ha Nhung Hotel Nha Trang,HOTEL,https://us.trip.com/hotels/nha-trang-hotel-detail-2843137/ha-nhung-hotel-nha-trang/,2026-08-18,FREE_DELIVERY_LE_2KM,1.1,36,42/45,Hotel · ~36 phòng/căn · cách tiệm ~1.1km · giao nhận miễn phí,PROSPECT_TIER_A,,"Ghé tận nơi, xin gặp người phụ trách",,
P062-KHACH-SAN-NGOC-HIEN-NHA-TRANG,Khách sạn Ngọc Hiền Nha Trang,HOTEL,https://vn.trip.com/hotels/nha-trang-hotel-detail-21848198/ngoc-hien-hotel-nha-trang/,2026-08-18,FREE_DELIVERY_LE_2KM,1.1,38,42/45,Hotel · ~38 phòng/căn · cách tiệm ~1.1km · giao nhận miễn phí,PROSPECT_TIER_A,,"Ghé tận nơi, xin gặp người phụ trách",,
P063-MIO-HOTEL-NHA-TRANG,Mio Hotel Nha Trang,HOTEL,https://www.trip.com/hotels/nha-trang-hotel-detail-10929987/mio-hotel-nha-trang/,2026-08-18,FREE_DELIVERY_LE_2KM,1.1,10,42/45,Hotel · ~10 phòng/căn · cách tiệm ~1.1km · giao nhận miễn phí,PROSPECT_TIER_A,,"Ghé tận nơi, xin gặp người phụ trách",,
P064-SAO-VIET-NHA-TRANG-HOTEL,Sao Viet Nha Trang Hotel,HOTEL,https://www.trip.com/hotels/nha-trang-hotel-detail-18472869/sao-viet-nha-trang-hotel/,2026-08-18,FREE_DELIVERY_LE_2KM,1.1,56,42/45,Hotel · ~56 phòng/căn · cách tiệm ~1.1km · giao nhận miễn phí,PROSPECT_TIER_A,,"Ghé tận nơi, xin gặp người phụ trách",,
P065-SEASIDE-HOTEL-2,Seaside Hotel 2,HOTEL,https://www.trip.com/hotels/nha-trang-hotel-detail-2864717/seaside-hotel-2/,2026-08-18,FREE_DELIVERY_LE_2KM,1.1,27,42/45,Hotel · ~27 phòng/căn · cách tiệm ~1.1km · giao nhận miễn phí,PROSPECT_TIER_A,,"Ghé tận nơi, xin gặp người phụ trách",,
P066-APOLLO-HOTEL-NHA-TRANG,Apollo Hotel Nha Trang,HOTEL,https://www.hostelworld.com/hotels/p/318997/apollo-hotel-nha-trang/,2026-08-18,FREE_DELIVERY_LE_2KM,1.1,,42/45,Hotel · cách tiệm ~1.1km · giao nhận miễn phí,PROSPECT_TIER_A,,"Ghé tận nơi, xin gặp người phụ trách",,
P067-GRAND-GOSIA-HOTEL,Grand Gosia Hotel,HOTEL,https://us.trip.com/hotels/nha-trang-hotel-detail-73299324/ge-xi-ya-da-jiu-dian/,2026-08-18,FREE_DELIVERY_LE_2KM,1.1,,42/45,Hotel · cách tiệm ~1.1km · giao nhận miễn phí,PROSPECT_TIER_A,,"Ghé tận nơi, xin gặp người phụ trách",,
P068-KHACH-SAN-HOANG-LONG,Khách Sạn Hoàng Long,HOTEL,https://ca.trip.com/hotels/nha-trang-hotel-detail-91839685/khch-sn-hong-long/,2026-08-18,FREE_DELIVERY_LE_2KM,1.1,,42/45,Hotel · cách tiệm ~1.1km · giao nhận miễn phí,PROSPECT_TIER_A,,"Ghé tận nơi, xin gặp người phụ trách",,
P069-GOLDEN-HOLIDAY-HOTEL,GOLDEN HOLIDAY HOTEL,HOTEL,https://us.trip.com/hotels/nha-trang-hotel-detail-1470566/holiday-hotel/,2026-08-18,FREE_DELIVERY_LE_2KM,1.2,48,42/45,Hotel · ~48 phòng/căn · cách tiệm ~1.2km · giao nhận miễn phí,PROSPECT_TIER_A,,"Ghé tận nơi, xin gặp người phụ trách",,
P070-REMBRANDT-HOTEL-NHA-TRANG,Rembrandt Hotel Nha Trang,HOTEL,https://us.trip.com/hotels/nha-trang-hotel-detail-993654/rembrandt-hotel-nha-trang/,2026-08-18,FREE_DELIVERY_LE_2KM,1.2,80,42/45,Hotel · ~80 phòng/căn · cách tiệm ~1.2km · giao nhận miễn phí,PROSPECT_TIER_A,,"Ghé tận nơi, xin gặp người phụ trách",,
P071-AARON-HOTEL,Aaron Hotel,HOTEL,https://www.hostelworld.com/hotels/p/294595/aaron-hotel/,2026-08-18,FREE_DELIVERY_LE_2KM,1.2,,42/45,Hotel · cách tiệm ~1.2km · giao nhận miễn phí,PROSPECT_TIER_A,,"Ghé tận nơi, xin gặp người phụ trách",,
P072-AUTUMN-SEA-BOUTIQUE-HOTEL,Autumn Sea Boutique Hotel,HOTEL,https://us.trip.com/hotels/nha-trang-hotels-list-1777/,2026-08-18,FREE_DELIVERY_LE_2KM,1.2,,42/45,Hotel · cách tiệm ~1.2km · giao nhận miễn phí,PROSPECT_TIER_A,,"Ghé tận nơi, xin gặp người phụ trách",,
P073-HOLIDAY-HOTEL,Holiday Hotel,HOTEL,https://in.trip.com/hotels/nha-trang-hotel-detail-61929487/holiday-hotel/,2026-08-18,FREE_DELIVERY_LE_2KM,1.2,,42/45,Hotel · cách tiệm ~1.2km · giao nhận miễn phí,PROSPECT_TIER_A,,"Ghé tận nơi, xin gặp người phụ trách",,
P074-ICONIQUE-HOTEL-NHA-TRANG,ICONIQUE HOTEL NHA TRANG,HOTEL,https://us.trip.com/hotels/nha-trang-hotels-list-1777/,2026-08-18,FREE_DELIVERY_LE_2KM,1.2,,42/45,Hotel · cách tiệm ~1.2km · giao nhận miễn phí,PROSPECT_TIER_A,,"Ghé tận nơi, xin gặp người phụ trách",,
P075-VECTOR-HOSTEL,Vector Hostel,HOSTEL,https://www.hostelworld.com/hostels/p/277861/vector-hostel/,2026-08-18,FREE_DELIVERY_LE_2KM,0.7,,40/45,Hostel · cách tiệm ~0.7km · giao nhận miễn phí,PROSPECT_TIER_A,,"Ghé tận nơi, xin gặp người phụ trách",,
P076-BONDI-BACKPACKERS-NHA-TRANG,Bondi Backpackers Nha Trang,HOSTEL,https://www.hostelworld.com/hostels/p/285844/bondi-backpackers-nha-trang/,2026-08-18,FREE_DELIVERY_LE_2KM,0.8,,40/45,Hostel · cách tiệm ~0.8km · giao nhận miễn phí,PROSPECT_TIER_A,,"Ghé tận nơi, xin gặp người phụ trách",,
P077-MOJZO-INN-BOUTIQUE,Mojzo Inn Boutique,HOSTEL,https://www.hostelworld.com/hotels/p/293224/mojzo-inn-boutique/,2026-08-18,FREE_DELIVERY_LE_2KM,0.8,,40/45,Hostel · cách tiệm ~0.8km · giao nhận miễn phí,PROSPECT_TIER_A,,"Ghé tận nơi, xin gặp người phụ trách",,
P078-THE-ALLEY,The Alley,HOSTEL,https://www.hostelworld.com/hostels/p/282401/the-alley/,2026-08-18,FREE_DELIVERY_LE_2KM,0.8,,40/45,Hostel · cách tiệm ~0.8km · giao nhận miễn phí,PROSPECT_TIER_A,,"Ghé tận nơi, xin gặp người phụ trách",,
P079-ZESTY-HOSTEL-BISTRO,Zesty Hostel & Bistro,HOSTEL,https://www.hostelworld.com/hostels/p/339942/zesty-hostel-and-bistro/,2026-08-18,FREE_DELIVERY_LE_2KM,0.8,,40/45,Hostel · cách tiệm ~0.8km · giao nhận miễn phí,PROSPECT_TIER_A,,"Ghé tận nơi, xin gặp người phụ trách",,
P080-MIRE-HOME-SPA-KIM-THIEN-HOA-NHA-TR,MiRe Home Spa - Kim Thiên Hoa Nha Trang,SPA_MASSAGE,https://toplist.vn/top-list/spa-lam-dep-uy-tin-nhat-tai-tp-nha-trang-18104.htm,2026-08-18,FREE_DELIVERY_LE_2KM,0.7,,39/45,Spa massage · cách tiệm ~0.7km · giao nhận miễn phí,PROSPECT_TIER_A,,"Ghé tận nơi, xin gặp người phụ trách",,
P081-LE-KHA-SPA,Lê Kha Spa,SPA_MASSAGE,https://toplist.vn/top-list/spa-lam-dep-uy-tin-nhat-tai-tp-nha-trang-18104.htm,2026-08-18,FREE_DELIVERY_LE_2KM,1.0,,39/45,Spa massage · cách tiệm ~1.0km · giao nhận miễn phí,PROSPECT_TIER_A,,"Ghé tận nơi, xin gặp người phụ trách",,
P082-CHARM-SPA-GRAND-NHA-TRANG,Charm Spa Grand Nha Trang,SPA_MASSAGE,https://toplist.vn/top-list/spa-chuyen-massage-tot-nhat-tai-nha-trang-37466.htm,2026-08-18,FREE_DELIVERY_LE_2KM,1.1,,39/45,Spa massage · cách tiệm ~1.1km · giao nhận miễn phí,PROSPECT_TIER_A,,"Ghé tận nơi, xin gặp người phụ trách",,
P083-SEOUL-SPA-NHA-TRANG,Seoul Spa Nha Trang,SPA_MASSAGE,https://toplist.vn/top-list/spa-lam-dep-uy-tin-nhat-tai-tp-nha-trang-18104.htm,2026-08-18,FREE_DELIVERY_LE_2KM,1.1,,39/45,Spa massage · cách tiệm ~1.1km · giao nhận miễn phí,PROSPECT_TIER_A,,"Ghé tận nơi, xin gặp người phụ trách",,
P084-TUYET-SPA-BODY-FOOT-MASSAGE-NHA-TR,Tuyết Spa - Body & Foot Massage Nha Trang,SPA_MASSAGE,https://toplist.vn/top-list/spa-chuyen-massage-tot-nhat-tai-nha-trang-37466.htm,2026-08-18,FREE_DELIVERY_LE_2KM,1.1,,39/45,Spa massage · cách tiệm ~1.1km · giao nhận miễn phí,PROSPECT_TIER_A,,"Ghé tận nơi, xin gặp người phụ trách",,
P085-JESSICA-SPA-NHA-TRANG,Jessica Spa Nha Trang,SPA_MASSAGE,https://toplist.vn/top-list/spa-chuyen-massage-tot-nhat-tai-nha-trang-37466.htm,2026-08-18,FREE_DELIVERY_LE_2KM,1.1,,39/45,Spa massage · cách tiệm ~1.1km · giao nhận miễn phí,PROSPECT_TIER_A,,"Ghé tận nơi, xin gặp người phụ trách",,
P086-ZEN-SPA,Zen Spa,SPA_MASSAGE,https://toplist.vn/top-list/spa-chuyen-massage-tot-nhat-tai-nha-trang-37466.htm,2026-08-18,FREE_DELIVERY_LE_2KM,1.1,,39/45,Spa massage · cách tiệm ~1.1km · giao nhận miễn phí,PROSPECT_TIER_A,,"Ghé tận nơi, xin gặp người phụ trách",,
P087-KAY-SPA-NHA-TRANG,KAY Spa Nha Trang,SPA_MASSAGE,https://toplist.vn/top-list/spa-lam-dep-uy-tin-nhat-tai-tp-nha-trang-18104.htm,2026-08-18,FREE_DELIVERY_LE_2KM,1.2,,39/45,Spa massage · cách tiệm ~1.2km · giao nhận miễn phí,PROSPECT_TIER_A,,"Ghé tận nơi, xin gặp người phụ trách",,
P088-LOVELY-SPA,Lovely Spa,SPA_MASSAGE,https://toplist.vn/top-list/spa-lam-dep-uy-tin-nhat-tai-tp-nha-trang-18104.htm,2026-08-18,FREE_DELIVERY_LE_2KM,1.4,,39/45,Spa massage · cách tiệm ~1.4km · giao nhận miễn phí,PROSPECT_TIER_A,,"Ghé tận nơi, xin gặp người phụ trách",,
P089-NGUYEN-SPA,Nguyên Spa,SPA_MASSAGE,https://nhatrang-travel.com/diem-den/dich-vu/spa-tam-bun/spa,2026-08-18,FREE_DELIVERY_LE_2KM,1.5,,39/45,Spa massage · cách tiệm ~1.5km · giao nhận miễn phí,PROSPECT_TIER_A,,"Ghé tận nơi, xin gặp người phụ trách",,
P090-QUYNH-ANH-BEAUTY-SPA,Quỳnh Anh Beauty & Spa,SPA_MASSAGE,https://toplist.vn/top-list/spa-lam-dep-uy-tin-nhat-tai-tp-nha-trang-18104.htm,2026-08-18,FREE_DELIVERY_LE_2KM,1.6,,39/45,Spa massage · cách tiệm ~1.6km · giao nhận miễn phí,PROSPECT_TIER_A,,"Ghé tận nơi, xin gặp người phụ trách",,
P091-ON-SPA-NHA-TRANG-ONSI-SPA,On Spa Nha Trang (Onsi Spa),SPA_MASSAGE,https://toplist.vn/top-list/spa-chuyen-massage-tot-nhat-tai-nha-trang-37466.htm,2026-08-18,FREE_DELIVERY_LE_2KM,1.7,,39/45,Spa massage · cách tiệm ~1.7km · giao nhận miễn phí,PROSPECT_TIER_A,,"Ghé tận nơi, xin gặp người phụ trách",,
P092-NAGON-BEAUTY-SPA,Nagon Beauty Spa,SPA_MASSAGE,https://mytour.vn/vi/blog/bai-viet/top-10-dia-chi-spa-massage-tot-nhat-tai-tp-nha-trang-khanh-hoa.html,2026-08-18,FREE_DELIVERY_LE_2KM,1.8,,39/45,Spa massage · cách tiệm ~1.8km · giao nhận miễn phí,PROSPECT_TIER_A,,"Ghé tận nơi, xin gặp người phụ trách",,
P093-PURE-VIETNAM-BEAUTY-SPA,Pure Vietnam Beauty & Spa,SPA_MASSAGE,https://toplist.vn/top-list/spa-chuyen-massage-tot-nhat-tai-nha-trang-37466.htm,2026-08-18,FREE_DELIVERY_LE_2KM,1.8,,39/45,Spa massage · cách tiệm ~1.8km · giao nhận miễn phí,PROSPECT_TIER_A,,"Ghé tận nơi, xin gặp người phụ trách",,
P094-TYMY-SPA-BEAUTY-SALON,TyMy Spa & Beauty Salon,SPA_MASSAGE,https://toplist.vn/top-list/spa-lam-dep-uy-tin-nhat-tai-tp-nha-trang-18104.htm,2026-08-18,FREE_DELIVERY_LE_2KM,1.8,,39/45,Spa massage · cách tiệm ~1.8km · giao nhận miễn phí,PROSPECT_TIER_A,,"Ghé tận nơi, xin gặp người phụ trách",,
P095-MASSAGE-NGUOI-MU-KING-KING-BLIND-M,Massage Người Mù King (King Blind Massage),SPA_MASSAGE,https://toplist.vn/top-list/spa-chuyen-massage-tot-nhat-tai-nha-trang-37466.htm,2026-08-18,FREE_DELIVERY_LE_2KM,1.9,,39/45,Spa massage · cách tiệm ~1.9km · giao nhận miễn phí,PROSPECT_TIER_A,,"Ghé tận nơi, xin gặp người phụ trách",,
P096-GALINA-HOTEL-MUD-BATH-SPA-NHA-TRAN,Galina Hotel - Mud Bath & Spa Nha Trang,SPA_MASSAGE,https://mytour.vn/vi/blog/bai-viet/top-10-dia-chi-spa-massage-tot-nhat-tai-tp-nha-trang-khanh-hoa.html,2026-08-18,FREE_DELIVERY_LE_2KM,2.0,,39/45,Spa massage · cách tiệm ~2.0km · giao nhận miễn phí,PROSPECT_TIER_A,,"Ghé tận nơi, xin gặp người phụ trách",,
P097-NT-FITNESS-NHA-TRANG-FITNESS-SPA,NT Fitness / Nha Trang Fitness & Spa,GYM,https://toplist.vn/top-list/phong-tap-gym-uy-tin-va-chat-luong-nhat-nha-trang-16972.htm,2026-08-18,FREE_DELIVERY_LE_2KM,1.2,,37/45,Gym · cách tiệm ~1.2km · giao nhận miễn phí,PROSPECT_TIER_A,,"Ghé tận nơi, xin gặp người phụ trách",,
P098-YOGA-FOR-LIFE,Yoga For Life,GYM,https://toplist.vn/top-list/phong-tap-yoga-tot-nhat-nha-trang-26404.htm,2026-08-18,FREE_DELIVERY_LE_2KM,1.2,,37/45,Gym · cách tiệm ~1.2km · giao nhận miễn phí,PROSPECT_TIER_A,,"Ghé tận nơi, xin gặp người phụ trách",,
P099-PT-GYM-PHONG-TAP-GYM-NU-NHA-TRANG,PT GYM - Phòng Tập Gym Nữ Nha Trang,GYM,https://toplist.vn/top-list/phong-tap-gym-uy-tin-va-chat-luong-nhat-nha-trang-16972.htm,2026-08-18,FREE_DELIVERY_LE_2KM,1.2,,37/45,Gym · cách tiệm ~1.2km · giao nhận miễn phí,PROSPECT_TIER_A,,"Ghé tận nơi, xin gặp người phụ trách",,
P100-DO-YOGA,Do Yoga,GYM,https://toplist.vn/top-list/phong-tap-yoga-tot-nhat-nha-trang-26404.htm,2026-08-18,FREE_DELIVERY_LE_2KM,1.5,,37/45,Gym · cách tiệm ~1.5km · giao nhận miễn phí,PROSPECT_TIER_A,,"Ghé tận nơi, xin gặp người phụ trách",,
P101-SUN-AERIAL-YOGA,Sun Aerial & Yoga,GYM,https://toplist.vn/top-list/phong-tap-yoga-tot-nhat-nha-trang-26404.htm,2026-08-18,FREE_DELIVERY_LE_2KM,1.5,,37/45,Gym · cách tiệm ~1.5km · giao nhận miễn phí,PROSPECT_TIER_A,,"Ghé tận nơi, xin gặp người phụ trách",,
P102-YOGA-VICTORIA-NHA-TRANG,Yoga Victoria Nha Trang,GYM,https://toplist.vn/top-list/phong-tap-yoga-tot-nhat-nha-trang-26404.htm,2026-08-18,FREE_DELIVERY_LE_2KM,1.5,,37/45,Gym · cách tiệm ~1.5km · giao nhận miễn phí,PROSPECT_TIER_A,,"Ghé tận nơi, xin gặp người phụ trách",,
P103-NHUNG-YOGA-STUDIO,Nhung Yoga Studio,GYM,https://toplist.vn/top-list/phong-tap-yoga-tot-nhat-nha-trang-26404.htm,2026-08-18,FREE_DELIVERY_LE_2KM,1.6,,37/45,Gym · cách tiệm ~1.6km · giao nhận miễn phí,PROSPECT_TIER_A,,"Ghé tận nơi, xin gặp người phụ trách",,
P104-YOGA-CHAM-CHAM,Yoga Chậm Chạm,GYM,https://toplist.vn/top-list/phong-tap-yoga-tot-nhat-nha-trang-26404.htm,2026-08-18,FREE_DELIVERY_LE_2KM,1.8,,37/45,Gym · cách tiệm ~1.8km · giao nhận miễn phí,PROSPECT_TIER_A,,"Ghé tận nơi, xin gặp người phụ trách",,
P105-OLYMPIC-NHA-TRANG-GYM-FITNESS,Olympic Nha Trang Gym & Fitness,GYM,https://toplist.vn/top-list/phong-tap-gym-uy-tin-va-chat-luong-nhat-nha-trang-16972.htm,2026-08-18,FREE_DELIVERY_LE_2KM,2.0,,37/45,Gym · cách tiệm ~2.0km · giao nhận miễn phí,PROSPECT_TIER_A,,"Ghé tận nơi, xin gặp người phụ trách",,
P106-HOMEBOY-BARBERSHOP,HomeBoy BarberShop,SALON,https://mytour.vn/vi/blog/bai-viet/top-9-salon-lam-toc-dep-va-chat-luong-nhat-o-nha-trang-khanh-hoa.html,2026-08-18,FREE_DELIVERY_LE_2KM,0.7,,35/45,Salon · cách tiệm ~0.7km · giao nhận miễn phí,PROSPECT_TIER_A,,"Ghé tận nơi, xin gặp người phụ trách",,
P107-XB-HAIR-STYLIST,XB Hair Stylist,SALON,https://toplist.vn/top-list/tiem-cat-toc-nam-dep-va-chat-luong-nhat-nha-trang-34353.htm,2026-08-18,FREE_DELIVERY_LE_2KM,0.8,,35/45,Salon · cách tiệm ~0.8km · giao nhận miễn phí,PROSPECT_TIER_A,,"Ghé tận nơi, xin gặp người phụ trách",,
P108-LADY-NAIL,Lady Nail,SALON,https://toplist.vn/top-list/tiem-lam-nail-dep-va-uy-tin-nhat-nha-trang-22133.htm,2026-08-18,FREE_DELIVERY_LE_2KM,0.9,,35/45,Salon · cách tiệm ~0.9km · giao nhận miễn phí,PROSPECT_TIER_A,,"Ghé tận nơi, xin gặp người phụ trách",,
P109-CLASSIC-BARBER-SHOP,Classic BarBer Shop,SALON,https://toplist.vn/top-list/tiem-cat-toc-nam-dep-va-chat-luong-nhat-nha-trang-34353.htm,2026-08-18,FREE_DELIVERY_LE_2KM,0.9,,35/45,Salon · cách tiệm ~0.9km · giao nhận miễn phí,PROSPECT_TIER_A,,"Ghé tận nơi, xin gặp người phụ trách",,
P110-TRE-GREEN-BARBER-SHOP,TRỀ GREEN Barber Shop,SALON,https://toplist.vn/top-list/tiem-cat-toc-nam-dep-va-chat-luong-nhat-nha-trang-34353.htm,2026-08-18,FREE_DELIVERY_LE_2KM,1.0,,35/45,Salon · cách tiệm ~1.0km · giao nhận miễn phí,PROSPECT_TIER_A,,"Ghé tận nơi, xin gặp người phụ trách",,
P111-HACHI-TRENDY-NAILS-ART-EYEBROWS-BE,HACHI - Trendy Nails Art & Eyebrows Beauty,SALON,https://toplist.vn/top-list/tiem-lam-nail-dep-va-uy-tin-nhat-nha-trang-22133.htm,2026-08-18,FREE_DELIVERY_LE_2KM,1.0,,35/45,Salon · cách tiệm ~1.0km · giao nhận miễn phí,PROSPECT_TIER_A,,"Ghé tận nơi, xin gặp người phụ trách",,
P112-JENNY-S-NAILS-SPA,Jenny's Nails & Spa,SALON,https://toplist.vn/top-list/tiem-lam-nail-dep-va-uy-tin-nhat-nha-trang-22133.htm,2026-08-18,FREE_DELIVERY_LE_2KM,1.0,,35/45,Salon · cách tiệm ~1.0km · giao nhận miễn phí,PROSPECT_TIER_A,,"Ghé tận nơi, xin gặp người phụ trách",,
P113-BARBERSHOP-TAI-BARBIER,Barbershop Tài Barbier,SALON,https://toplist.vn/top-list/tiem-cat-toc-nam-dep-va-chat-luong-nhat-nha-trang-34353.htm,2026-08-18,FREE_DELIVERY_LE_2KM,1.1,,35/45,Salon · cách tiệm ~1.1km · giao nhận miễn phí,PROSPECT_TIER_A,,"Ghé tận nơi, xin gặp người phụ trách",,
P114-THE-ANN-S-NAIL,The Ann's Nail,SALON,https://toplist.vn/top-list/tiem-lam-nail-dep-va-uy-tin-nhat-nha-trang-22133.htm,2026-08-18,FREE_DELIVERY_LE_2KM,1.1,,35/45,Salon · cách tiệm ~1.1km · giao nhận miễn phí,PROSPECT_TIER_A,,"Ghé tận nơi, xin gặp người phụ trách",,
P115-TOC-HEM-BARBERSHOP,Tóc Hẻm BarberShop,SALON,https://toplist.vn/top-list/tiem-cat-toc-nam-dep-va-chat-luong-nhat-nha-trang-34353.htm,2026-08-18,FREE_DELIVERY_LE_2KM,1.2,,35/45,Salon · cách tiệm ~1.2km · giao nhận miễn phí,PROSPECT_TIER_A,,"Ghé tận nơi, xin gặp người phụ trách",,
P116-HAIR-SALON-POLO-ACADEMY,Hair Salon Polo & Academy,SALON,https://toplist.vn/top-list/tiem-cat-toc-nam-dep-va-chat-luong-nhat-nha-trang-34353.htm,2026-08-18,FREE_DELIVERY_LE_2KM,1.2,,35/45,Salon · cách tiệm ~1.2km · giao nhận miễn phí,PROSPECT_TIER_A,,"Ghé tận nơi, xin gặp người phụ trách",,
P117-NIENA-S-NAIL-ROOM,Niena's Nail Room,SALON,https://toplist.vn/top-list/tiem-lam-nail-dep-va-uy-tin-nhat-nha-trang-22133.htm,2026-08-18,FREE_DELIVERY_LE_2KM,1.2,,35/45,Salon · cách tiệm ~1.2km · giao nhận miễn phí,PROSPECT_TIER_A,,"Ghé tận nơi, xin gặp người phụ trách",,
P118-A-TAI-BARBERSHOP,A Tài Barbershop,SALON,https://mytour.vn/vi/blog/bai-viet/top-9-salon-lam-toc-dep-va-chat-luong-nhat-o-nha-trang-khanh-hoa.html,2026-08-18,FREE_DELIVERY_LE_2KM,1.3,,35/45,Salon · cách tiệm ~1.3km · giao nhận miễn phí,PROSPECT_TIER_A,,"Ghé tận nơi, xin gặp người phụ trách",,
P119-GANGSTER-BARBER-SHOP,Gangster Barber shop,SALON,https://toplist.vn/top-list/tiem-cat-toc-nam-dep-va-chat-luong-nhat-nha-trang-34353.htm,2026-08-18,FREE_DELIVERY_LE_2KM,1.3,,35/45,Salon · cách tiệm ~1.3km · giao nhận miễn phí,PROSPECT_TIER_A,,"Ghé tận nơi, xin gặp người phụ trách",,
P120-T-A-P-HAIR-SALON,T.A.P Hair Salon,SALON,https://toplist.vn/top-list/tiem-cat-toc-nam-dep-va-chat-luong-nhat-nha-trang-34353.htm,2026-08-18,FREE_DELIVERY_LE_2KM,1.3,,35/45,Salon · cách tiệm ~1.3km · giao nhận miễn phí,PROSPECT_TIER_A,,"Ghé tận nơi, xin gặp người phụ trách",,
P121-MON-NAIL,Mon Nail,SALON,https://toplist.vn/top-list/tiem-lam-nail-dep-va-uy-tin-nhat-nha-trang-22133.htm,2026-08-18,FREE_DELIVERY_LE_2KM,1.4,,35/45,Salon · cách tiệm ~1.4km · giao nhận miễn phí,PROSPECT_TIER_A,,"Ghé tận nơi, xin gặp người phụ trách",,
P122-TRAM-NAILS,Tram Nails,SALON,https://toplist.vn/top-list/tiem-lam-nail-dep-va-uy-tin-nhat-nha-trang-22133.htm,2026-08-18,FREE_DELIVERY_LE_2KM,1.4,,35/45,Salon · cách tiệm ~1.4km · giao nhận miễn phí,PROSPECT_TIER_A,,"Ghé tận nơi, xin gặp người phụ trách",,
P123-HAIR-SALON-BAC-TRAN-TIEN,Hair Salon Bắc Trần Tiến,SALON,https://toplist.vn/top-list/tiem-cat-toc-nam-dep-va-chat-luong-nhat-nha-trang-34353.htm,2026-08-18,FREE_DELIVERY_LE_2KM,1.5,,35/45,Salon · cách tiệm ~1.5km · giao nhận miễn phí,PROSPECT_TIER_A,,"Ghé tận nơi, xin gặp người phụ trách",,
P124-HO-BOI-KHONG-QUAN-NHA-TRANG-AIR-FO,Hồ bơi Không Quân Nha Trang (Air Force swimming pool),OTHER,https://elipsport.vn/tin-tuc/danh-sach-10-be-boi-tp-nha-trang_9480.html,2026-08-18,FREE_DELIVERY_LE_2KM,1.3,,24/45,Other · cách tiệm ~1.3km · giao nhận miễn phí,PROSPECT_TIER_A,,"Ghé tận nơi, xin gặp người phụ trách",,
P125-BE-BOI-KHACH-SAN-VIEN-ĐONG-VIEN-DO,Bể bơi khách sạn Viễn Đông (Vien Dong Hotel pool),OTHER,https://elipsport.vn/tin-tuc/danh-sach-10-be-boi-tp-nha-trang_9480.html,2026-08-18,FREE_DELIVERY_LE_2KM,1.9,,24/45,Other · cách tiệm ~1.9km · giao nhận miễn phí,PROSPECT_TIER_A,,"Ghé tận nơi, xin gặp người phụ trách",,
P126-NAPOLEON-CASTLE-NHA-TRANG,Napoleon Castle Nha Trang,CONDOTEL_APARTMENT,https://photon.komoot.io/api/?q=Napoleon+Castle+Nha+Trang,2026-08-18,FLAT_10K_2_6KM,3.6,,38/45,Condotel apartment · cách tiệm ~3.6km · phí giao 10.000đ,PROSPECT_TIER_B,,Ghé tận nơi trong tuần,,
P127-CONG-TY-CP-DAU-TU-VIEN-TRIEU-NHA-T,Cong ty CP Dau Tu Vien Trieu Nha Trang,CONDOTEL_APARTMENT,https://www.muongthanhvientrieu.com/,2026-08-18,FLAT_10K_2_6KM,4.1,,38/45,Condotel apartment · cách tiệm ~4.1km · phí giao 10.000đ,PROSPECT_TIER_B,,Ghé tận nơi trong tuần,,
P128-SCENIA-BAY-NHA-TRANG,Scenia Bay Nha Trang,CONDOTEL_APARTMENT,https://nhatranghousing.com/en/the-ultimate-guide-to-apartment-rentals-in-nha-trang-top-residences-and-local-insights-nd164.html,2026-08-18,FLAT_10K_2_6KM,4.8,,38/45,Condotel apartment · cách tiệm ~4.8km · phí giao 10.000đ,PROSPECT_TIER_B,,Ghé tận nơi trong tuần,,
P129-STARCITY-SPA,STARCITY SPA,SPA_MASSAGE,https://nhatrang-travel.com/diem-den/dich-vu/spa-tam-bun/spa,2026-08-18,FLAT_10K_2_6KM,2.2,,32/45,Spa massage · cách tiệm ~2.2km · phí giao 10.000đ,PROSPECT_TIER_B,,Ghé tận nơi trong tuần,,
P130-VIEN-THAM-MY-TAZA-SPA,Viện Thẩm Mỹ Taza Spa,SPA_MASSAGE,https://toplist.vn/top-list/spa-lam-dep-uy-tin-nhat-tai-tp-nha-trang-18104.htm,2026-08-18,FLAT_10K_2_6KM,2.8,,32/45,Spa massage · cách tiệm ~2.8km · phí giao 10.000đ,PROSPECT_TIER_B,,Ghé tận nơi trong tuần,,
P131-SEN-SPA-NHA-TRANG,Sen Spa Nha Trang,SPA_MASSAGE,https://toplist.vn/top-list/spa-chuyen-massage-tot-nhat-tai-nha-trang-37466.htm,2026-08-18,FLAT_10K_2_6KM,3.0,,32/45,Spa massage · cách tiệm ~3.0km · phí giao 10.000đ,PROSPECT_TIER_B,,Ghé tận nơi trong tuần,,
P132-CHAMPA-ISLAND-NHA-TRANG-RESORT-HOT,Champa Island Nha Trang Resort Hotel & Spa,SPA_MASSAGE,"https://nhatrang-travel.com/diem-den/dich-vu/spa-tam-bun/spa,https://nhatranghousing.com/en/the-ultimate-guide-to-apartment-rentals-in-nha-trang-top-residences-and-local-insights-nd164.html",2026-08-18,FLAT_10K_2_6KM,3.4,,32/45,Spa massage · cách tiệm ~3.4km · phí giao 10.000đ,PROSPECT_TIER_B,,Ghé tận nơi trong tuần,,
P133-SPA-LAVENDER,Spa Lavender,SPA_MASSAGE,https://mytour.vn/vi/blog/bai-viet/top-10-dia-chi-spa-massage-tot-nhat-tai-tp-nha-trang-khanh-hoa.html,2026-08-18,FLAT_10K_2_6KM,4.0,,32/45,Spa massage · cách tiệm ~4.0km · phí giao 10.000đ,PROSPECT_TIER_B,,Ghé tận nơi trong tuần,,
P134-CALIFORNIA-FITNESS-YOGA-NHA-TRANG-,California Fitness & Yoga (Nha Trang Center),GYM,https://toplist.vn/top-list/phong-tap-gym-uy-tin-va-chat-luong-nhat-nha-trang-16972.htm,2026-08-18,FLAT_10K_2_6KM,2.2,,30/45,Gym · cách tiệm ~2.2km · phí giao 10.000đ,PROSPECT_TIER_B,,Ghé tận nơi trong tuần,,
P135-YOGA-NHA-TRANG-NHAT-YOGA,Yoga Nha Trang (Nhất Yoga),GYM,https://toplist.vn/top-list/phong-tap-yoga-tot-nhat-nha-trang-26404.htm,2026-08-18,FLAT_10K_2_6KM,2.3,,30/45,Gym · cách tiệm ~2.3km · phí giao 10.000đ,PROSPECT_TIER_B,,Ghé tận nơi trong tuần,,
P136-SPARTAN-FITNESS-AND-YOGA-NHA-TRANG,Spartan Fitness And Yoga Nha Trang,GYM,https://toplist.vn/top-list/phong-tap-gym-uy-tin-va-chat-luong-nhat-nha-trang-16972.htm,2026-08-18,FLAT_10K_2_6KM,2.6,,30/45,Gym · cách tiệm ~2.6km · phí giao 10.000đ,PROSPECT_TIER_B,,Ghé tận nơi trong tuần,,
P137-MY-NGUYEN-YOGA-NHA-TRANG,My Nguyen Yoga Nha Trang,GYM,https://toplist.vn/top-list/phong-tap-yoga-tot-nhat-nha-trang-26404.htm,2026-08-18,FLAT_10K_2_6KM,3.0,,30/45,Gym · cách tiệm ~3.0km · phí giao 10.000đ,PROSPECT_TIER_B,,Ghé tận nơi trong tuần,,
P138-SONG-HUY-GYM-NHA-TRANG,Song Huy Gym Nha Trang,GYM,https://toplist.vn/top-list/phong-tap-gym-uy-tin-va-chat-luong-nhat-nha-trang-16972.htm,2026-08-18,FLAT_10K_2_6KM,3.2,,30/45,Gym · cách tiệm ~3.2km · phí giao 10.000đ,PROSPECT_TIER_B,,Ghé tận nơi trong tuần,,
P139-PHONG-VU-GYM-FITNESS,Phong Vũ Gym & Fitness,GYM,https://toplist.vn/top-list/phong-tap-gym-uy-tin-va-chat-luong-nhat-nha-trang-16972.htm,2026-08-18,FLAT_10K_2_6KM,3.8,,30/45,Gym · cách tiệm ~3.8km · phí giao 10.000đ,PROSPECT_TIER_B,,Ghé tận nơi trong tuần,,
P140-K-GYM-YOGA,K Gym & Yoga,GYM,https://toplist.vn/top-list/phong-tap-gym-uy-tin-va-chat-luong-nhat-nha-trang-16972.htm,2026-08-18,FLAT_10K_2_6KM,4.5,,30/45,Gym · cách tiệm ~4.5km · phí giao 10.000đ,PROSPECT_TIER_B,,Ghé tận nơi trong tuần,,
P141-GYM-THUY-SPORT,GYM Thùy Sport,GYM,https://toplist.vn/top-list/phong-tap-gym-uy-tin-va-chat-luong-nhat-nha-trang-16972.htm,2026-08-18,FLAT_10K_2_6KM,6.0,,30/45,Gym · cách tiệm ~6.0km · phí giao 10.000đ,PROSPECT_TIER_B,,Ghé tận nơi trong tuần,,
P142-TAVA-NAIL,Tava.Nail,SALON,https://toplist.vn/top-list/tiem-lam-nail-dep-va-uy-tin-nhat-nha-trang-22133.htm,2026-08-18,FLAT_10K_2_6KM,2.6,,28/45,Salon · cách tiệm ~2.6km · phí giao 10.000đ,PROSPECT_TIER_B,,Ghé tận nơi trong tuần,,
P143-THE-WEIRDOS-BARBERSHOP,The Weirdos Barbershop,SALON,https://toplist.vn/top-list/tiem-cat-toc-nam-dep-va-chat-luong-nhat-nha-trang-34353.htm,2026-08-18,FLAT_10K_2_6KM,3.5,,28/45,Salon · cách tiệm ~3.5km · phí giao 10.000đ,PROSPECT_TIER_B,,Ghé tận nơi trong tuần,,
P144-O-BARBER-SHOP,Ồ Barber Shop,SALON,https://toplist.vn/top-list/tiem-cat-toc-nam-dep-va-chat-luong-nhat-nha-trang-34353.htm,2026-08-18,FLAT_10K_2_6KM,3.6,,28/45,Salon · cách tiệm ~3.6km · phí giao 10.000đ,PROSPECT_TIER_B,,Ghé tận nơi trong tuần,,
P145-SNAKE-BARBER-SHOP,Snake Barber shop,SALON,https://toplist.vn/top-list/tiem-cat-toc-nam-dep-va-chat-luong-nhat-nha-trang-34353.htm,2026-08-18,FLAT_10K_2_6KM,4.5,,28/45,Salon · cách tiệm ~4.5km · phí giao 10.000đ,PROSPECT_TIER_B,,Ghé tận nơi trong tuần,,
P146-HO-BOI-MAI-XUAN-THUONG,Hồ bơi Mai Xuân Thưởng,OTHER,https://elipsport.vn/tin-tuc/danh-sach-10-be-boi-tp-nha-trang_9480.html,2026-08-18,FLAT_10K_2_6KM,2.5,,17/45,Other · cách tiệm ~2.5km · phí giao 10.000đ,PROSPECT_TIER_B,,Ghé tận nơi trong tuần,,
P147-HO-BOI-HAI-QUAN-DA-TUONG-NAVY-SWIM,Hồ bơi Hải Quân - Dã Tượng (Navy swimming pool),OTHER,https://elipsport.vn/tin-tuc/danh-sach-10-be-boi-tp-nha-trang_9480.html,2026-08-18,FLAT_10K_2_6KM,2.8,,17/45,Other · cách tiệm ~2.8km · phí giao 10.000đ,PROSPECT_TIER_B,,Ghé tận nơi trong tuần,,
P148-HO-BOI-TOA-NHA-SONG-ĐA-SONG-DA-BUI,Hồ bơi Tòa nhà Sông Đà (Song Da building pool),OTHER,https://elipsport.vn/tin-tuc/danh-sach-10-be-boi-tp-nha-trang_9480.html,2026-08-18,FLAT_10K_2_6KM,4.2,,17/45,Other · cách tiệm ~4.2km · phí giao 10.000đ,PROSPECT_TIER_B,,Ghé tận nơi trong tuần,,
P149-CONG-TY-TNHH-QUAN-LY-VAN-HANH-HOME,CONG TY TNHH QUAN LY VAN HANH HOMESTAY VIET NAM,CONDOTEL_APARTMENT,https://thuvienphapluat.vn/ma-so-thue/cong-ty-tnhh-quan-ly-van-hanh-homestay-viet-nam-mst-4201797921.html,2026-08-18,UNKNOWN,,,36/45,Condotel apartment,PROSPECT_TIER_C,,Chưa hành động - giữ để tham chiếu,,
P150-D-QUA-NHA-TRANG-D-QUA-APARTMENT-BU,D'Qua Nha Trang (D'Qua Apartment Building),CONDOTEL_APARTMENT,https://nhatranghousing.com/en/the-ultimate-guide-to-apartment-rentals-in-nha-trang-top-residences-and-local-insights-nd164.html,2026-08-18,UNKNOWN,,,36/45,Condotel apartment,PROSPECT_TIER_C,,Chưa hành động - giữ để tham chiếu,,
P151-DATHOUSING,DatHousing,CONDOTEL_APARTMENT,https://dathousing.com/can-ho-muong-thanh-vien-trieu-68m2-hien-dai/,2026-08-18,UNKNOWN,,,36/45,Condotel apartment,PROSPECT_TIER_C,,Chưa hành động - giữ để tham chiếu,,
P152-HOANG-QUAN-NHA-TRANG,Hoang Quan Nha Trang,CONDOTEL_APARTMENT,https://nhatranghousing.com/en/the-ultimate-guide-to-apartment-rentals-in-nha-trang-top-residences-and-local-insights-nd164.html,2026-08-18,UNKNOWN,,,36/45,Condotel apartment,PROSPECT_TIER_C,,Chưa hành động - giữ để tham chiếu,,
P153-MAPLE-BUILDING-NHA-TRANG,Maple Building Nha Trang,CONDOTEL_APARTMENT,https://nhatranghousing.com/en/the-ultimate-guide-to-apartment-rentals-in-nha-trang-top-residences-and-local-insights-nd164.html,2026-08-18,UNKNOWN,,,36/45,Condotel apartment,PROSPECT_TIER_C,,Chưa hành động - giữ để tham chiếu,,
P154-NHA-TRANG-HOUSING,Nha Trang Housing,CONDOTEL_APARTMENT,https://nhatranghousing.com/en/top-apartment-buildings-to-rent-in-nha-trang-your-ultimate-guide-to-coastal-living-nd163.html,2026-08-18,UNKNOWN,,,36/45,Condotel apartment,PROSPECT_TIER_C,,Chưa hành động - giữ để tham chiếu,,
P155-NHA-TRANG-SERVICES-NHATRANGSERVICE,Nha Trang Services (nhatrangservice.com),CONDOTEL_APARTMENT,https://www.nhatrangservice.com/english/homes/new/,2026-08-18,UNKNOWN,,,36/45,Condotel apartment,PROSPECT_TIER_C,,Chưa hành động - giữ để tham chiếu,,
P156-OCEAN-DREAM-APARTMENT-NHA-TRANG,Ocean Dream Apartment Nha Trang,CONDOTEL_APARTMENT,https://www.booking.com/aparthotels/city/vn/nha-trang.html,2026-08-18,UNKNOWN,,,36/45,Condotel apartment,PROSPECT_TIER_C,,Chưa hành động - giữ để tham chiếu,,
P157-OCEAN-GATE-NHA-TRANG,Ocean Gate Nha Trang,CONDOTEL_APARTMENT,https://nhatranghousing.com/en/the-ultimate-guide-to-apartment-rentals-in-nha-trang-top-residences-and-local-insights-nd164.html,2026-08-18,UNKNOWN,,,36/45,Condotel apartment,PROSPECT_TIER_C,,Chưa hành động - giữ để tham chiếu,,
P158-PARAMOUNT-LIBERA-THE-PARAMOUNT-NHA,Paramount Libera / The Paramount Nha Trang,CONDOTEL_APARTMENT,https://nhatrangapartments.com/for-rent,2026-08-18,UNKNOWN,,,36/45,Condotel apartment,PROSPECT_TIER_C,,Chưa hành động - giữ để tham chiếu,,
P159-TUI-BLUE-NHA-TRANG,TUI BLUE Nha Trang,CONDOTEL_APARTMENT,https://www.booking.com/aparthotels/city/vn/nha-trang.html,2026-08-18,UNKNOWN,,,36/45,Condotel apartment,PROSPECT_TIER_C,,Chưa hành động - giữ để tham chiếu,,
P160-THE-ATIER-GEM-SUITES,The Atier Gem Suites,CONDOTEL_APARTMENT,https://www.booking.com/aparthotels/city/vn/nha-trang.html,2026-08-18,UNKNOWN,,,36/45,Condotel apartment,PROSPECT_TIER_C,,Chưa hành động - giữ để tham chiếu,,
P161-BLUE-SEA-HOTEL-2,Blue Sea Hotel 2,HOTEL,https://us.trip.com/hotels/nha-trang-hotel-detail-5028543/blue-sea-hotel-2/,2026-08-18,UNKNOWN,,24,33/45,Hotel · ~24 phòng/căn,PROSPECT_TIER_C,,Chưa hành động - giữ để tham chiếu,,
P162-LE-SOLEIL-HOTEL,Le Soleil Hotel,HOTEL,https://www.hostelworld.com/hotels/p/297117/le-soleil-hotel/,2026-08-18,UNKNOWN,,,33/45,Hotel,PROSPECT_TIER_C,,Chưa hành động - giữ để tham chiếu,,
P163-LE-S-CHAM-HOTEL,Le's Cham Hotel,HOTEL,https://www.hostelworld.com/hotels/p/318996/le-s-cham-hotel/,2026-08-18,UNKNOWN,,,33/45,Hotel,PROSPECT_TIER_C,,Chưa hành động - giữ để tham chiếu,,
P164-NAVADA-BEACH-HOTEL,Navada Beach Hotel,HOTEL,https://us.trip.com/hotels/nha-trang-hotels-list-1777/,2026-08-18,UNKNOWN,,,33/45,Hotel,PROSPECT_TIER_C,,Chưa hành động - giữ để tham chiếu,,
P165-SEAESTA-NHA-TRANG-HOTEL,Seaesta Nha Trang Hotel,HOTEL,https://vn.trip.com/hotels/nha-trang-hotel-detail-6648675/sen-viet-premium-hotel-nha-trang/,2026-08-18,FREE_DELIVERY_LE_2KM,0.1,99,32/45,"Hotel · ~99 phòng/căn · cách tiệm ~0.1km · trên 80 phòng — chỉ bán được overflow, không bán được toàn bộ linen",PROSPECT_TIER_C,,Chưa hành động - giữ để tham chiếu,,
P166-LEMORE-HOTEL-NHA-TRANG,LeMore Hotel Nha Trang,HOTEL,https://vn.trip.com/hotels/nha-trang-hotel-detail-28757179/le-more-hotel/,2026-08-18,FREE_DELIVERY_LE_2KM,0.4,164,32/45,"Hotel · ~164 phòng/căn · cách tiệm ~0.4km · trên 80 phòng — chỉ bán được overflow, không bán được toàn bộ linen",PROSPECT_TIER_C,,Chưa hành động - giữ để tham chiếu,,
P167-ZENIA-BOUTIQUE-HOTEL-NHA-TRANG,Zenia Boutique Hotel Nha Trang,HOTEL,https://www.trip.com/hotels/nha-trang-hotel-detail-23945846/diamond-nha-trang-hotel/,2026-08-18,FREE_DELIVERY_LE_2KM,0.4,90,32/45,"Hotel · ~90 phòng/căn · cách tiệm ~0.4km · trên 80 phòng — chỉ bán được overflow, không bán được toàn bộ linen",PROSPECT_TIER_C,,Chưa hành động - giữ để tham chiếu,,
P168-NHA-VIET-NHA-TRANG-HOTEL-FORMER-NA,Nha VIET Nha Trang Hotel (former name Nha Trang Prince Hotel),HOTEL,https://us.trip.com/hotels/nha-trang-hotel-detail-7801228/nha-viet-nha-trang-hotel/,2026-08-18,FREE_DELIVERY_LE_2KM,0.8,161,32/45,"Hotel · ~161 phòng/căn · cách tiệm ~0.8km · trên 80 phòng — chỉ bán được overflow, không bán được toàn bộ linen",PROSPECT_TIER_C,,Chưa hành động - giữ để tham chiếu,,
P169-VENTANA-NHA-TRANG-HOTEL,Ventana Nha Trang Hotel,HOTEL,https://ventananhatranghotel.com/,2026-08-18,FREE_DELIVERY_LE_2KM,0.8,98,32/45,"Hotel · ~98 phòng/căn · cách tiệm ~0.8km · trên 80 phòng — chỉ bán được overflow, không bán được toàn bộ linen",PROSPECT_TIER_C,,Chưa hành động - giữ để tham chiếu,,
P170-GOSIA-HOTEL,Gosia Hotel,HOTEL,https://us.trip.com/hotels/nha-trang-hotel-detail-10518242/gosia-hotel/,2026-08-18,FREE_DELIVERY_LE_2KM,0.8,83,32/45,"Hotel · ~83 phòng/căn · cách tiệm ~0.8km · trên 80 phòng — chỉ bán được overflow, không bán được toàn bộ linen",PROSPECT_TIER_C,,Chưa hành động - giữ để tham chiếu,,
P171-PANAMA-NHA-TRANG-HOTEL,PANAMA Nha Trang Hotel,HOTEL,https://us.trip.com/hotels/nha-trang-hotel-detail-118233319/panama-nha-trang-hotel/,2026-08-18,FREE_DELIVERY_LE_2KM,0.8,273,32/45,"Hotel · ~273 phòng/căn · cách tiệm ~0.8km · trên 80 phòng — chỉ bán được overflow, không bán được toàn bộ linen",PROSPECT_TIER_C,,Chưa hành động - giữ để tham chiếu,,
P172-ERICA-NHA-TRANG-HOTEL,Erica Nha Trang Hotel,HOTEL,https://us.trip.com/hotels/nha-trang-hotel-detail-38816851/erica-nha-trang-hotel/,2026-08-18,FREE_DELIVERY_LE_2KM,0.9,119,32/45,"Hotel · ~119 phòng/căn · cách tiệm ~0.9km · trên 80 phòng — chỉ bán được overflow, không bán được toàn bộ linen",PROSPECT_TIER_C,,Chưa hành động - giữ để tham chiếu,,
P173-NAGAR-HOTEL-NHA-TRANG,Nagar Hotel Nha Trang,HOTEL,https://us.trip.com/hotels/nha-trang-hotel-detail-18410113/nagar-hotel-nha-trang/,2026-08-18,FREE_DELIVERY_LE_2KM,0.9,171,32/45,"Hotel · ~171 phòng/căn · cách tiệm ~0.9km · trên 80 phòng — chỉ bán được overflow, không bán được toàn bộ linen",PROSPECT_TIER_C,,Chưa hành động - giữ để tham chiếu,,
P174-RIGEL-HOTEL,Rigel Hotel,HOTEL,https://us.trip.com/hotels/nha-trang-hotel-detail-10879073/rigel-hotel/,2026-08-18,FREE_DELIVERY_LE_2KM,1.1,189,32/45,"Hotel · ~189 phòng/căn · cách tiệm ~1.1km · trên 80 phòng — chỉ bán được overflow, không bán được toàn bộ linen",PROSPECT_TIER_C,,Chưa hành động - giữ để tham chiếu,,
P175-ADAMAS-BOUTIQUE-HOTEL-NHA-TRANG,Adamas Boutique Hotel Nha Trang,HOTEL,https://us.trip.com/hotels/nha-trang-hotel-detail-119786999/adamas-boutique-hotel-nha-trang/,2026-08-18,FREE_DELIVERY_LE_2KM,1.2,104,32/45,"Hotel · ~104 phòng/căn · cách tiệm ~1.2km · trên 80 phòng — chỉ bán được overflow, không bán được toàn bộ linen",PROSPECT_TIER_C,,Chưa hành động - giữ để tham chiếu,,
P176-CHAMPTON-NHA-TRANG-HOTEL,Champton Nha Trang Hotel,HOTEL,https://vn.trip.com/hotels/nha-trang-hotel-detail-130225119/champton-nha-trang-hotel/,2026-08-18,FREE_DELIVERY_LE_2KM,1.2,95,32/45,"Hotel · ~95 phòng/căn · cách tiệm ~1.2km · trên 80 phòng — chỉ bán được overflow, không bán được toàn bộ linen",PROSPECT_TIER_C,,Chưa hành động - giữ để tham chiếu,,
P177-NHA-TRANG-PALACE-HOTEL,Nha Trang Palace Hotel,HOTEL,https://in.trip.com/hotels/nha-trang-hotel-detail-2511687/nha-trang-palace-hotel/,2026-08-18,FREE_DELIVERY_LE_2KM,1.2,266,32/45,"Hotel · ~266 phòng/căn · cách tiệm ~1.2km · trên 80 phòng — chỉ bán được overflow, không bán được toàn bộ linen",PROSPECT_TIER_C,,Chưa hành động - giữ để tham chiếu,,
P178-HA-LONG-NHA-TRANG-HOTEL,Ha Long Nha Trang Hotel,HOTEL,https://www.trip.com/hotels/nha-trang-hotel-detail-133407718/ha-long-nha-trang-hotel/,2026-08-18,FREE_DELIVERY_LE_2KM,1.3,101,32/45,"Hotel · ~101 phòng/căn · cách tiệm ~1.3km · trên 80 phòng — chỉ bán được overflow, không bán được toàn bộ linen",PROSPECT_TIER_C,,Chưa hành động - giữ để tham chiếu,,
P179-ANNA-SPA,Anna Spa,SPA_MASSAGE,https://nhatrang-travel.com/diem-den/dich-vu/spa-tam-bun/spa,2026-08-18,UNKNOWN,,,30/45,Spa massage,PROSPECT_TIER_C,,Chưa hành động - giữ để tham chiếu,,
P180-SEASIDE-BOUTIQUE-HOTEL-NHA-TRANG-B,Seaside Boutique Hotel Nha Trang Beach,HOTEL,https://vn.trip.com/hotels/nha-trang-hotel-detail-127104723/seaside-boutique-hotel-nha-trang-beach/,2026-08-18,UNKNOWN,,107,23/45,"Hotel · ~107 phòng/căn · trên 80 phòng — chỉ bán được overflow, không bán được toàn bộ linen",PROSPECT_TIER_C,,Chưa hành động - giữ để tham chiếu,,
P181-VINPEARL-EMPIRE-NHA-TRANG-AFFILIAT,"Vinpearl Empire Nha Trang, Affiliated by Meliá",HOTEL,https://us.trip.com/hotels/nha-trang-hotels-list-1777/,2026-08-18,FREE_DELIVERY_LE_2KM,0.7,,22/45,Hotel · cách tiệm ~0.7km · chuỗi lớn — ngoài phân khúc giai đoạn này,PARKED_OUT_OF_WEDGE,,Không tiếp cận giai đoạn này,,
P182-MUONG-THANH-LUXURY-NHA-TRANG,Muong Thanh Luxury Nha Trang,CONDOTEL_APARTMENT,https://www.expedia.com/Nha-Trang-Hotels-Gold-Ocean-Nha-Trang-Serviced-Apartments.h22157258.Hotel-Information,2026-08-18,FREE_DELIVERY_LE_2KM,1.0,,22/45,Condotel apartment · cách tiệm ~1.0km · chuỗi lớn — ngoài phân khúc giai đoạn này,PARKED_OUT_OF_WEDGE,,Không tiếp cận giai đoạn này,,
P183-VOUS-SPA-NOVOTEL-NHA-TRANG,Vous Spa - Novotel Nha Trang,SPA_MASSAGE,https://nhatrang-travel.com/diem-den/dich-vu/spa-tam-bun/spa,2026-08-18,FLAT_10K_2_6KM,2.2,,15/45,Spa massage · cách tiệm ~2.2km · chuỗi lớn — ngoài phân khúc giai đoạn này,PARKED_OUT_OF_WEDGE,,Không tiếp cận giai đoạn này,,
P184-MUONG-THANH-VIEN-TRIEU-MUONG-THANH,Muong Thanh Vien Trieu (Muong Thanh Oceanus),CONDOTEL_APARTMENT,https://www.muongthanhvientrieu.com/,2026-08-18,FLAT_10K_2_6KM,4.1,,15/45,Condotel apartment · cách tiệm ~4.1km · chuỗi lớn — ngoài phân khúc giai đoạn này,PARKED_OUT_OF_WEDGE,,Không tiếp cận giai đoạn này,,
